{"cameraMode":{"drawMode":0,"name":"Shaded","section":"Shading Mode"},"sceneLighting":true,"audioPlay":false,"sceneViewState":{"m_AlwaysRefresh":false,"showFog":true,"showSkybox":true,"showFlares":true,"showImageEffects":true,"showParticleSystems":true,"showVisualEffectGraphs":true,"m_FxEnabled":true},"in2DMode":false,"pivot":{"x":0.09025955200195313,"y":-0.7664899826049805,"z":1.356161117553711},"rotation":{"x":0.21428360044956208,"y":-0.019045667722821237,"z":0.004179060459136963,"w":0.9765770435333252},"size":7.030552864074707,"orthographic":true}