{"cameraMode":{"drawMode":0,"name":"Shaded","section":"Shading Mode"},"sceneLighting":true,"audioPlay":false,"sceneViewState":{"m_AlwaysRefresh":false,"showFog":true,"showSkybox":true,"showFlares":true,"showImageEffects":true,"showParticleSystems":true,"showVisualEffectGraphs":true,"m_FxEnabled":true},"in2DMode":false,"pivot":{"x":0.09025955200195313,"y":-0.7664899826049805,"z":1.356161117553711},"rotation":{"x":0.11527880281209946,"y":-0.2676827013492584,"z":0.032276980578899387,"w":0.9560414552688599},"size":7.030552864074707,"orthographic":true}